mutation_id	myclone_id	myclone_ccf
NM_006218.2:chr3:178952084.0	1	1,1,1
NM_000546.5:chr17:7578211.0	2	0.534387198665038,0.7709495072950886,0.6083925912497228
NM_198253.2:chr5:1300309.0	3	0.0962491218989166,0.0,0.0
NM_004439.5:chr4:66201764.0	4	0.1712537639270935,0.0,0.207574430694224
NM_001238.2:chr19:30303654.0	4	0.1712537639270935,0.0,0.207574430694224
NM_001127208.2:chr4:106197308.0	5	0.0,0.0,0.15093356948612724
NM_033360.2:chr12:25398247.0	5	0.0,0.0,0.15093356948612724
NM_006015.4:chr1:27102104.0	5	0.0,0.0,0.15093356948612724
NM_006231.2:chr12:133215744.0	5	0.0,0.0,0.15093356948612724
NM_006420.2:chr20:47614966.0	5	0.0,0.0,0.15093356948612724
NM_005233.5:chr3:89390139.0	5	0.0,0.0,0.15093356948612724
NM_001429.3:chr22:41565528.0	5	0.0,0.0,0.15093356948612724
NM_000268.3:chr22:30061038.0	5	0.0,0.0,0.15093356948612724
NM_004439.5:chr4:66201827.0	5	0.0,0.0,0.15093356948612724
