mutation_id	var_counts	ref_counts	total_cn	VAF
995402731	0	2008	2.0	0.0
996662511	0	1958	2.0	0.0
252011592	0	1962	2.0	0.0
547000366	321	1681	2.0	0.1603396603396603
524450436	335	1699	2.0	0.1647000983284169
467282641	0	2042	2.0	0.0
815481467	352	1634	2.0	0.1772406847935549
759949512	31	1963	2.0	0.0155466399197592
802446190	0	1990	2.0	0.0
400493594	0	1952	2.0	0.0
400475655	296	1745	2.0	0.1450269475747182
333507226	47	1911	2.0	0.0240040858018386
639381226	298	1728	2.0	0.1470878578479763
47037908	0	1942	2.0	0.0
613254817	34	1988	2.0	0.0168150346191889
401461551	314	1605	2.0	0.1636268890046899
