mutation_id	var_counts	ref_counts	total_cn	VAF	gene
NM_004439.5:chr4:66201764.0	21	165	2.0	0.11298617957255268	EPHA5
NM_005233.5:chr3:89390139.0	0	256	2.0	0.0	EPHA3
NM_001127208.2:chr4:106197308.0	0	256	2.0	0.0	TET2
NM_000546.5:chr17:7578211.0	31	85	2.0	0.267193599332519	TP53
NM_001429.3:chr22:41565528.0	0	256	2.0	0.0	EP300
NM_033360.2:chr12:25398247.0	0	256	2.0	0.0	KRAS
NM_006218.2:chr3:178952084.0	74	74	2.0	0.5000000000000003	PIK3CA
NM_006015.4:chr1:27102104.0	0	256	2.0	0.0	ARID1A
NM_000268.3:chr22:30061038.0	0	256	2.0	0.0	NF2
NM_006231.2:chr12:133215744.0	0	256	2.0	0.0	POLE
NM_004439.5:chr4:66201827.0	0	256	2.0	0.0	EPHA5
NM_198253.2:chr5:1300309.0	9	178	2.0	0.048124560949458384	TERT
NM_006420.2:chr20:47614966.0	0	256	2.0	0.0	ARFGEF2
NM_001238.2:chr19:30303654.0	6	97	2.0	0.058267584354540915	CCNE1
