mutation_id	var_counts	ref_counts	total_cn	VAF
995402731	172	1830	2.0	0.0859140859140859
996662511	27	1992	2.0	0.013372956909361
252011592	194	1798	2.0	0.0973895582329317
547000366	737	1228	2.0	0.3750636132315522
524450436	752	1268	2.0	0.3722772277227723
467282641	0	1957	2.0	0.0
815481467	774	1281	2.0	0.3766423357664233
759949512	210	1750	2.0	0.1071428571428571
802446190	26	1900	2.0	0.0134994807892004
400493594	0	1974	2.0	0.0
400475655	682	1304	2.0	0.3434038267875126
333507226	220	1848	2.0	0.1063829787234042
639381226	711	1335	2.0	0.3475073313782991
47037908	29	1963	2.0	0.0145582329317269
613254817	182	1835	2.0	0.090233019335647
401461551	742	1269	2.0	0.3689706613625062
