mutation_id	var_counts	ref_counts	total_cn	VAF
995402731	413	1572	2.0	0.2080604534005037
996662511	402	1559	2.0	0.2049974502804691
252011592	407	1566	2.0	0.2062848454130765
547000366	458	1525	2.0	0.2309631870902672
524450436	496	1542	2.0	0.2433758586849853
467282641	68	1992	2.0	0.033009708737864
815481467	468	1580	2.0	0.228515625
759949512	0	1973	2.0	0.0
802446190	422	1521	2.0	0.2171899125064333
400493594	40	1954	2.0	0.0200601805416248
400475655	456	1551	2.0	0.2272047832585949
333507226	0	1943	2.0	0.0
639381226	440	1520	2.0	0.2244897959183673
47037908	400	1590	2.0	0.2010050251256281
613254817	0	2080	2.0	0.0
401461551	426	1482	2.0	0.2232704402515723
