mutation_id	var_counts	ref_counts	total_cn	VAF	gene
NM_004439.5:chr4:66201764.0	68	535	2.0	0.11284696949405203	EPHA5
NM_005233.5:chr3:89390139.0	55	432	2.0	0.11293024261090405	EPHA3
NM_001127208.2:chr4:106197308.0	31	512	2.0	0.057102231414306294	TET2
NM_000546.5:chr17:7578211.0	131	300	2.0	0.30419629562486145	TP53
NM_001429.3:chr22:41565528.0	20	179	2.0	0.10067914263761699	EP300
NM_033360.2:chr12:25398247.0	22	612	2.0	0.034699931374936384	KRAS
NM_006218.2:chr3:178952084.0	199	199	2.0	0.5000000000000003	PIK3CA
NM_006015.4:chr1:27102104.0	28	401	2.0	0.06525712369823082	ARID1A
NM_000268.3:chr22:30061038.0	29	258	2.0	0.10092992300506183	NF2
NM_006231.2:chr12:133215744.0	20	512	2.0	0.037577193939523815	POLE
NM_004439.5:chr4:66201827.0	47	412	2.0	0.10233608177718705	EPHA5
NM_198253.2:chr5:1300309.0	0	349	2.0	0.0	TERT
NM_006420.2:chr20:47614966.0	19	262	2.0	0.0676891922298058	ARFGEF2
NM_001238.2:chr19:30303654.0	40	382	2.0	0.09472746120017207	CCNE1
